{"frames":{"sprite1":{"frame":{"x":0,"y":0,"w":8,"h":8},"rotated":false,"trimmed":false,"spriteSourceSize":{"x":0,"y":0,"w":8,"h":8},"sourceSize":{"w":8,"h":8}},"sprite2":{"frame":{"x":8,"y":0,"w":8,"h":8},"rotated":false,"trimmed":false,"spriteSourceSize":{"x":0,"y":0,"w":8,"h":8},"sourceSize":{"w":8,"h":8}},"sprite3":{"frame":{"x":16,"y":0,"w":8,"h":8},"rotated":false,"trimmed":false,"spriteSourceSize":{"x":0,"y":0,"w":8,"h":8},"sourceSize":{"w":8,"h":8}}},"meta":{"app":"https://www.leshylabs.com/apps/sstool/","version":"Leshy SpriteSheet Tool v0.8.4","image":"spritesheet.png","size":{"w":24,"h":8},"scale":1}}