{"frames":{"boss1":{"frame":{"x":129,"y":0,"w":128,"h":150},"rotated":false,"trimmed":false,"spriteSourceSize":{"x":0,"y":0,"w":128,"h":150},"sourceSize":{"w":128,"h":150}},"boss2":{"frame":{"x":0,"y":302,"w":128,"h":150},"rotated":false,"trimmed":false,"spriteSourceSize":{"x":0,"y":0,"w":128,"h":150},"sourceSize":{"w":128,"h":150}},"boss3":{"frame":{"x":0,"y":151,"w":128,"h":150},"rotated":false,"trimmed":false,"spriteSourceSize":{"x":0,"y":0,"w":128,"h":150},"sourceSize":{"w":128,"h":150}},"boss4":{"frame":{"x":129,"y":151,"w":128,"h":150},"rotated":false,"trimmed":false,"spriteSourceSize":{"x":0,"y":0,"w":128,"h":150},"sourceSize":{"w":128,"h":150}},"boss5":{"frame":{"x":258,"y":0,"w":128,"h":150},"rotated":false,"trimmed":false,"spriteSourceSize":{"x":0,"y":0,"w":128,"h":150},"sourceSize":{"w":128,"h":150}},"boss6":{"frame":{"x":258,"y":151,"w":128,"h":150},"rotated":false,"trimmed":false,"spriteSourceSize":{"x":0,"y":0,"w":128,"h":150},"sourceSize":{"w":128,"h":150}},"boss7":{"frame":{"x":0,"y":0,"w":128,"h":150},"rotated":false,"trimmed":false,"spriteSourceSize":{"x":0,"y":0,"w":128,"h":150},"sourceSize":{"w":128,"h":150}},"boss8":{"frame":{"x":129,"y":302,"w":128,"h":150},"rotated":false,"trimmed":false,"spriteSourceSize":{"x":0,"y":0,"w":128,"h":150},"sourceSize":{"w":128,"h":150}},"boss9":{"frame":{"x":258,"y":302,"w":128,"h":150},"rotated":false,"trimmed":false,"spriteSourceSize":{"x":0,"y":0,"w":128,"h":150},"sourceSize":{"w":128,"h":150}},"boss10":{"frame":{"x":387,"y":0,"w":128,"h":150},"rotated":false,"trimmed":false,"spriteSourceSize":{"x":0,"y":0,"w":128,"h":150},"sourceSize":{"w":128,"h":150}},"boss11":{"frame":{"x":387,"y":151,"w":128,"h":150},"rotated":false,"trimmed":false,"spriteSourceSize":{"x":0,"y":0,"w":128,"h":150},"sourceSize":{"w":128,"h":150}},"boss12":{"frame":{"x":387,"y":302,"w":128,"h":150},"rotated":false,"trimmed":false,"spriteSourceSize":{"x":0,"y":0,"w":128,"h":150},"sourceSize":{"w":128,"h":150}},"bossidle":{"frame":{"x":0,"y":453,"w":128,"h":150},"rotated":false,"trimmed":false,"spriteSourceSize":{"x":0,"y":0,"w":128,"h":150},"sourceSize":{"w":128,"h":150}}},"meta":{"app":"https://www.leshylabs.com/apps/sstool/","version":"Leshy SpriteSheet Tool v0.8.4","image":"spritesheet.png","size":{"w":515,"h":603},"scale":1}}