{"frames":{"sprite1":{"frame":{"x":0,"y":0,"w":64,"h":32},"rotated":false,"trimmed":false,"spriteSourceSize":{"x":0,"y":0,"w":64,"h":32},"sourceSize":{"w":64,"h":32}},"sprite2":{"frame":{"x":65,"y":0,"w":64,"h":32},"rotated":false,"trimmed":false,"spriteSourceSize":{"x":0,"y":0,"w":64,"h":32},"sourceSize":{"w":64,"h":32}},"sprite3":{"frame":{"x":130,"y":0,"w":64,"h":32},"rotated":false,"trimmed":false,"spriteSourceSize":{"x":0,"y":0,"w":64,"h":32},"sourceSize":{"w":64,"h":32}}},"meta":{"app":"https://www.leshylabs.com/apps/sstool/","version":"Leshy SpriteSheet Tool v0.8.4","image":"spritesheet.png","size":{"w":194,"h":32},"scale":1}}